prediction_id,prediction_timestamp,kickoff,fixture_date,season,round,home_team,away_team,rf_home_probability,rf_draw_probability,rf_away_probability,rf_prediction,xgb_home_probability,xgb_draw_probability,xgb_away_probability,xgb_prediction,models_agree,model_trained_at,results_source,data_notes,actual_home_goals,actual_away_goals,actual_result,rf_correct,xgb_correct,result_recorded_at
2026-arsenal-vs-leeds-united,2026-09-29T21:52:29+00:00,2026-10-10T12:30:00+01:00,2026-10-10,2026,Matchday 6,Arsenal,Leeds United,0.548789,0.217772,0.233439,Home Win,0.530480,0.221697,0.247823,Home Win,True,2026-09-29T21:51:44+00:00,openfootball (goals only),no_shot_data,,,,,,
2026-sunderland-vs-brighton,2026-09-29T21:52:29+00:00,2026-10-10T15:00:00+01:00,2026-10-10,2026,Matchday 6,Sunderland,Brighton,0.244756,0.241444,0.513801,Away Win,0.268551,0.242793,0.488657,Away Win,True,2026-09-29T21:51:44+00:00,openfootball (goals only),no_shot_data,,,,,,
2026-chelsea-vs-bournemouth,2026-09-29T21:52:29+00:00,2026-10-10T15:00:00+01:00,2026-10-10,2026,Matchday 6,Chelsea,Bournemouth,0.456002,0.252178,0.291820,Home Win,0.439323,0.257248,0.303429,Home Win,True,2026-09-29T21:51:44+00:00,openfootball (goals only),no_shot_data,,,,,,
2026-ipswich-town-vs-fulham,2026-09-29T21:52:29+00:00,2026-10-10T15:00:00+01:00,2026-10-10,2026,Matchday 6,Ipswich Town,Fulham,0.454373,0.272170,0.273457,Home Win,0.449681,0.268780,0.281540,Home Win,True,2026-09-29T21:51:44+00:00,openfootball (goals only),no_shot_data,,,,,,
2026-aston-villa-vs-brentford,2026-09-29T21:52:29+00:00,2026-10-10T15:00:00+01:00,2026-10-10,2026,Matchday 6,Aston Villa,Brentford,0.249883,0.236380,0.513736,Away Win,0.275437,0.234772,0.489791,Away Win,True,2026-09-29T21:51:44+00:00,openfootball (goals only),no_shot_data,,,,,,
2026-manchester-united-vs-tottenham-hotspur,2026-09-29T21:52:29+00:00,2026-10-10T17:30:00+01:00,2026-10-10,2026,Matchday 6,Manchester United,Tottenham Hotspur,0.610811,0.216507,0.172683,Home Win,0.626621,0.184777,0.188602,Home Win,True,2026-09-29T21:51:44+00:00,openfootball (goals only),no_shot_data,,,,,,
2026-hull-city-vs-everton,2026-09-29T21:52:29+00:00,2026-10-11T14:00:00+01:00,2026-10-11,2026,Matchday 6,Hull City,Everton,0.415501,0.264179,0.320321,Home Win,0.425409,0.257294,0.317297,Home Win,True,2026-09-29T21:51:44+00:00,openfootball (goals only),no_shot_data,,,,,,
2026-crystal-palace-vs-nottingham-forest,2026-09-29T21:52:29+00:00,2026-10-11T14:00:00+01:00,2026-10-11,2026,Matchday 6,Crystal Palace,Nottingham Forest,0.355149,0.265206,0.379644,Away Win,0.355773,0.264860,0.379367,Away Win,True,2026-09-29T21:51:44+00:00,openfootball (goals only),no_shot_data,,,,,,
2026-liverpool-vs-manchester-city,2026-09-29T21:52:29+00:00,2026-10-11T16:30:00+01:00,2026-10-11,2026,Matchday 6,Liverpool,Manchester City,0.285051,0.247860,0.467089,Away Win,0.320628,0.231942,0.447430,Away Win,True,2026-09-29T21:51:44+00:00,openfootball (goals only),no_shot_data,,,,,,
2026-coventry-city-vs-newcastle-united,2026-09-29T21:52:29+00:00,2026-10-12T20:00:00+01:00,2026-10-12,2026,Matchday 6,Coventry City,Newcastle United,0.272563,0.253853,0.473584,Away Win,0.289867,0.247029,0.463104,Away Win,True,2026-09-29T21:51:44+00:00,openfootball (goals only),no_shot_data,,,,,,
